,LAD13CD,LAD13NM,Female Life Expectancy 2010-2012,Male Life Expectancy 2010-2012,Mortality Rate all,Mortality Rate Males,Mortality Rate Females,Mortality Rate Infants (per 1000),Approximated social grade AB,Approximated social grade C1,Approximated social grade C2,Approximated social grade DE,Total,FemaleLifeExp,MaleLifeExp,SocialGradeAB,SocialGradeDE,F-AB,F-DE,M-AB,M-DE
0,E06000001,HARTLEPOOL,81.5,77.4,598.0,698.2,513.6,2.6,0.12718606290490417,0.25605048504581923,0.2383941458829848,0.37836930616629183,1.0,1,1,1,2,#ad9ea5,#985356,#ad9ea5,#985356
1,E06000002,MIDDLESBROUGH,80.2,76.3,680.0,763.5,604.8,2.9,0.11525478967339432,0.26626626626626626,0.20969807016318645,0.40878087389715295,1.0,1,1,1,2,#ad9ea5,#985356,#ad9ea5,#985356
2,E06000003,REDCAR AND CLEVELAND,82.0,78.7,559.7,640.5,490.5,3.1,0.1331722025461855,0.26332918541208,0.2509811429118407,0.35251746912989373,1.0,1,1,1,2,#ad9ea5,#985356,#ad9ea5,#985356
3,E06000004,STOCKTON ON TEES,82.3,78.3,556.3,668.1,462.0,3.7,0.18082538610853235,0.2943708329816862,0.2195965904295721,0.3052071904802093,1.0,1,1,1,2,#ad9ea5,#985356,#ad9ea5,#985356
4,E06000005,DARLINGTON,82.7,78.7,564.3,659.9,472.4,2.9,0.1819584327880305,0.3032834604412878,0.21977062350817955,0.2949874832625022,1.0,1,1,1,2,#ad9ea5,#985356,#ad9ea5,#985356
5,E06000006,HALTON,80.6,77.1,664.0,739.5,594.4,2.4,0.13701627575355263,0.28871023258101,0.21441215518513054,0.3598613364803068,1.0,1,1,1,2,#ad9ea5,#985356,#ad9ea5,#985356
6,E06000007,WARRINGTON,82.0,78.2,569.3,664.9,484.9,4.8,0.2502424830261882,0.3146491035950064,0.19411157348017896,0.24099683989862644,1.0,1,1,1,1,#ad9ea5,#ad9ea5,#ad9ea5,#ad9ea5
7,E06000008,BLACKBURN WITH DARWEN,80.9,76.5,639.7,735.4,556.0,4.3,0.14342379490397328,0.26468413150169195,0.216009681106156,0.37588239248817873,1.0,1,1,1,2,#ad9ea5,#985356,#ad9ea5,#985356
8,E06000009,BLACKPOOL,80.0,74.0,721.0,879.3,576.6,3.4,0.10412330905306971,0.30679847381200137,0.21047953520638224,0.3785986819285467,1.0,1,1,1,2,#ad9ea5,#985356,#ad9ea5,#985356
9,E06000010,KINGSTON UPON HULL,80.5,76.6,653.3,760.7,561.8,3.6,0.10270522281984512,0.2615389863658589,0.23668141140082555,0.3990743794134704,1.0,1,1,1,2,#ad9ea5,#985356,#ad9ea5,#985356
10,E06000011,EAST RIDING OF YORKSHIRE,82.9,79.6,521.3,588.6,460.0,3.8,0.22427467740609847,0.3039676995150818,0.2465788608531273,0.22517876222569244,1.0,1,1,1,1,#ad9ea5,#ad9ea5,#ad9ea5,#ad9ea5
11,E06000012,NORTH EAST LINCOLNSHIRE,81.9,77.9,610.4,724.4,513.1,4.0,0.11635640914636546,0.24845527175410287,0.24316187177771656,0.39202644732181513,1.0,1,1,1,2,#ad9ea5,#985356,#ad9ea5,#985356
12,E06000013,NORTH LINCOLNSHIRE,82.8,78.3,569.0,718.0,447.4,3.6,0.15659652834920262,0.2492261275028408,0.26480153598996903,0.32937580815798756,1.0,1,1,1,2,#ad9ea5,#985356,#ad9ea5,#985356
13,E06000014,YORK,83.2,79.6,506.9,613.2,425.0,1.9,0.2717203353887312,0.325356432090307,0.18518156014485662,0.21774167237610517,1.0,1,1,2,1,#985356,#ad9ea5,#985356,#ad9ea5
14,E06000015,DERBY,82.8,78.6,545.1,644.9,465.4,4.5,0.1899044066215901,0.28350301805652706,0.20723556384549624,0.3193570114763866,1.0,1,1,1,2,#ad9ea5,#985356,#ad9ea5,#985356
15,E06000016,LEICESTER,81.8,77.0,591.2,713.3,489.8,8.0,0.1388749068798196,0.28988060482815553,0.18039140676908208,0.3908530815229428,1.0,1,1,1,2,#ad9ea5,#985356,#ad9ea5,#985356
16,E06000017,RUTLAND,84.7,81.0,461.8,570.0,355.6,0.0,0.3189715777844732,0.31083659736868535,0.19694687154765492,0.1732449532991865,1.0,2,2,2,1,#574249,#627f8c,#574249,#627f8c
17,E06000018,NOTTINGHAM,81.5,76.9,625.5,740.8,534.8,4.3,0.14973050877573987,0.3193915223786302,0.17693628951057236,0.35394167933505755,1.0,1,1,1,2,#ad9ea5,#985356,#ad9ea5,#985356
18,E06000019,HEREFORDSHIRE COUNTY OF,83.7,79.7,478.2,575.4,398.2,3.7,0.20780325513695394,0.2750987693994442,0.2624525056237122,0.2546454698398896,1.0,1,1,1,1,#ad9ea5,#ad9ea5,#ad9ea5,#ad9ea5
19,E06000020,TELFORD AND WREKIN,81.6,77.9,588.8,656.5,529.1,6.7,0.17985639892693703,0.283000631213508,0.22944611014675714,0.30769685971279787,1.0,1,1,1,2,#ad9ea5,#985356,#ad9ea5,#985356
20,E06000021,STOKE ON TRENT,80.5,76.7,660.9,781.9,563.8,6.4,0.10713359273670557,0.26103390772651475,0.24417268853066518,0.3876598110061145,1.0,1,1,1,2,#ad9ea5,#985356,#ad9ea5,#985356
21,E06000022,BATH AND NORTH EAST SOMERSET,84.4,80.6,442.3,505.6,387.6,0.0,0.2980908467342428,0.3268043594238244,0.19215379925310572,0.18295099458882708,1.0,2,2,2,1,#574249,#627f8c,#574249,#627f8c
22,E06000023,BRISTOL,83.0,78.3,541.1,664.1,439.5,4.0,0.2569811921116161,0.32172625841305413,0.17594610111574563,0.24534644835958414,1.0,1,1,2,1,#985356,#ad9ea5,#985356,#ad9ea5
23,E06000024,NORTH SOMERSET,83.5,79.6,485.5,575.1,407.5,3.0,0.24838027129430676,0.3181885282201847,0.21529679990814704,0.21813440057736153,1.0,1,1,1,1,#ad9ea5,#ad9ea5,#ad9ea5,#ad9ea5
24,E06000025,SOUTH GLOUCESTERSHIRE,84.6,81.0,446.5,516.3,386.7,2.5,0.2585051252486601,0.3269769268780964,0.23008501957604247,0.18443292829720107,1.0,2,2,2,1,#574249,#627f8c,#574249,#627f8c
25,E06000026,PLYMOUTH,82.1,78.3,587.1,690.8,499.9,3.8,0.15807395974962946,0.330209826186014,0.22925317556559976,0.2824630384987567,1.0,1,1,1,2,#ad9ea5,#985356,#ad9ea5,#985356
26,E06000027,TORBAY,82.4,79.1,529.9,615.1,455.2,3.4,0.14836924495913503,0.2985063154928134,0.2449591350465015,0.30816530450155005,1.0,1,1,1,2,#ad9ea5,#985356,#ad9ea5,#985356
27,E06000028,BOURNEMOUTH,83.1,78.6,549.7,640.8,464.9,2.6,0.20907200969077902,0.3519455221070897,0.20010149126684018,0.23888097693529114,1.0,1,1,1,1,#ad9ea5,#ad9ea5,#ad9ea5,#ad9ea5
28,E06000029,POOLE,84.1,80.2,482.0,562.7,410.1,4.2,0.23279213354676423,0.3165561399496913,0.23427852732677795,0.21637319917676653,1.0,2,1,1,1,#627f8c,#627f8c,#ad9ea5,#ad9ea5
29,E06000030,SWINDON,82.7,79.3,534.0,617.7,461.7,2.3,0.21930950903870847,0.30313216856866676,0.21583252780863618,0.2617257945839886,1.0,1,1,1,1,#ad9ea5,#ad9ea5,#ad9ea5,#ad9ea5
30,E06000031,PETERBOROUGH,82.5,77.9,562.0,654.9,482.4,3.7,0.17164166100336314,0.2908672695906738,0.20748601599665428,0.33000505340930875,1.0,1,1,1,2,#ad9ea5,#985356,#ad9ea5,#985356
31,E06000032,LUTON,82.1,78.0,604.1,717.8,504.7,5.3,0.15355652793324515,0.30239815474373327,0.21195006953631151,0.33209524778671007,1.0,1,1,1,2,#ad9ea5,#985356,#ad9ea5,#985356
32,E06000033,SOUTHEND ON SEA,82.6,79.7,490.1,554.5,442.9,3.4,0.199289631565387,0.3487430527439361,0.21327616032978763,0.23869115536088925,1.0,1,1,1,1,#ad9ea5,#ad9ea5,#ad9ea5,#ad9ea5
33,E06000034,THURROCK,82.4,79.2,541.1,625.0,478.9,3.2,0.15009093324069722,0.31820503913194514,0.2563908698939453,0.27531315773341236,1.0,1,1,1,2,#ad9ea5,#985356,#ad9ea5,#985356
34,E06000035,MEDWAY,82.2,78.5,571.8,680.1,481.6,3.0,0.16543661660506184,0.31987032284209105,0.2535335797526801,0.261159480800167,1.0,1,1,1,1,#ad9ea5,#ad9ea5,#ad9ea5,#ad9ea5
35,E06000036,BRACKNELL FOREST,84.0,80.8,475.2,548.8,418.9,3.2,0.2918388005800115,0.34239829279636674,0.1980520368799759,0.16771086974364585,1.0,2,2,2,1,#574249,#627f8c,#574249,#627f8c
36,E06000037,WEST BERKSHIRE,84.6,80.8,455.5,540.9,388.9,2.6,0.33439781993144707,0.30693406570011283,0.19839901215643696,0.16026910221200316,1.0,2,2,2,1,#574249,#627f8c,#574249,#627f8c
37,E06000038,READING,82.7,78.4,582.6,706.0,472.5,4.0,0.3134240558453273,0.29965881014941764,0.17194791952625593,0.21496921447899917,1.0,1,1,2,1,#985356,#ad9ea5,#985356,#ad9ea5
38,E06000039,SLOUGH,82.7,78.5,544.6,640.2,468.3,7.0,0.18612941811103031,0.2957056078054272,0.22609470647559632,0.29207026760794613,1.0,1,1,1,2,#ad9ea5,#985356,#ad9ea5,#985356
39,E06000040,WINDSOR AND MAIDENHEAD,84.6,81.1,468.4,558.3,388.5,2.2,0.3916463626870867,0.3219631047685346,0.15449588119271376,0.13189465135166492,1.0,2,2,2,1,#574249,#627f8c,#574249,#627f8c
40,E06000041,WOKINGHAM,84.5,81.6,447.5,520.1,380.7,0.0,0.4302794996801306,0.31404557587522886,0.14833116410403477,0.10734376034060576,1.0,2,2,2,1,#574249,#627f8c,#574249,#627f8c
41,E06000042,MILTON KEYNES,82.5,78.7,554.1,645.0,476.1,3.6,0.25371282522115657,0.3210957952331915,0.18288068090174817,0.24231069864390378,1.0,1,1,2,1,#985356,#ad9ea5,#985356,#ad9ea5
42,E06000043,BRIGHTON AND HOVE,83.0,78.7,553.8,678.4,448.1,4.7,0.28572612989812524,0.3743665212299593,0.15082235648920625,0.18908499238270926,1.0,1,1,2,1,#985356,#ad9ea5,#985356,#ad9ea5
43,E06000044,PORTSMOUTH,82.6,78.2,556.5,642.7,487.6,2.9,0.18904327949712774,0.3469728412884598,0.1980661072513459,0.26591777196306654,1.0,1,1,1,1,#ad9ea5,#ad9ea5,#ad9ea5,#ad9ea5
44,E06000045,SOUTHAMPTON,82.7,78.5,567.8,671.2,479.0,2.9,0.18869711912795226,0.3220347780949909,0.20429535426940046,0.28497274850765636,1.0,1,1,1,2,#ad9ea5,#985356,#ad9ea5,#985356
45,E06000046,ISLE OF WIGHT,83.5,80.0,507.5,587.1,443.6,0.0,0.18213541535912434,0.2941279843345969,0.24838701579092712,0.2753495845153516,1.0,1,1,1,2,#ad9ea5,#985356,#ad9ea5,#985356
46,E06000047,COUNTY DURHAM,81.5,77.9,596.1,694.8,513.8,4.0,0.16265721175004805,0.2838582506338059,0.22994291098204267,0.3235416266341034,1.0,1,1,1,2,#ad9ea5,#985356,#ad9ea5,#985356
47,E06000049,CHESHIRE EAST,83.4,80.4,495.9,562.7,438.8,3.6,0.2974772902847705,0.2998481579157676,0.189633891863573,0.2130406599358889,1.0,1,2,2,1,#985356,#ad9ea5,#574249,#627f8c
48,E06000050,CHESHIRE WEST AND CHESTER,82.8,79.2,541.5,635.8,461.8,3.2,0.25782287310992646,0.2947028398168883,0.19774677473692553,0.2497275123362597,1.0,1,1,2,1,#985356,#ad9ea5,#985356,#ad9ea5
49,E06000051,SHROPSHIRE,83.8,79.8,486.4,586.3,403.3,3.4,0.22715024972096642,0.28420839017350813,0.25730842512316937,0.23133293498235605,1.0,2,1,1,1,#627f8c,#627f8c,#ad9ea5,#ad9ea5
50,E06000052,CORNWALL AND ISLES OF SCILLY,83.5,79.5,509.8,603.4,427.9,5.6,0.18329710354025996,0.2866578176198629,0.2724865180283298,0.2575585608115474,1.0,1,1,1,1,#ad9ea5,#ad9ea5,#ad9ea5,#ad9ea5
51,E06000054,WILTSHIRE,83.9,80.4,476.6,549.2,414.2,5.4,0.2703409238214579,0.3121318181163491,0.21649454838756138,0.20103270967463163,1.0,2,2,2,1,#574249,#627f8c,#574249,#627f8c
52,E06000055,BEDFORD,83.1,79.3,495.3,590.6,417.9,3.8,0.2457602216438586,0.3093359079842163,0.2001930988162203,0.2447107715557048,1.0,1,1,1,1,#ad9ea5,#ad9ea5,#ad9ea5,#ad9ea5
53,E06000056,CENTRAL BEDFORDSHIRE,84.0,80.5,483.4,564.7,414.0,4.9,0.2605396829458654,0.32979771485599496,0.22960195503921593,0.1800606471589237,1.0,2,2,2,1,#574249,#627f8c,#574249,#627f8c
54,E06000057,NORTHUMBERLAND,82.5,78.8,543.5,615.1,484.1,2.9,0.19414241524503162,0.29737950155698784,0.2342930447646931,0.27418503843328745,1.0,1,1,1,1,#ad9ea5,#ad9ea5,#ad9ea5,#ad9ea5
55,E07000004,AYLESBURY VALE,83.9,79.9,482.3,566.2,416.5,5.7,0.2965598375742396,0.33194816037646346,0.20307015047152804,0.16842185157776893,1.0,2,1,2,1,#574249,#627f8c,#985356,#ad9ea5
56,E07000005,CHILTERN,85.8,82.1,390.6,489.8,312.0,5.4,0.40988052193051405,0.3098176387360478,0.15622543625216162,0.12407640308127653,1.0,2,2,2,1,#574249,#627f8c,#574249,#627f8c
57,E07000006,SOUTH BUCKS,84.7,81.5,440.6,529.0,376.5,0.0,0.37963013474442203,0.33413343516447547,0.16965795646718673,0.11657847362391577,1.0,2,2,2,1,#574249,#627f8c,#574249,#627f8c
58,E07000007,WYCOMBE,84.2,81.3,449.3,492.8,410.4,4.5,0.3268149790198717,0.31695827725437414,0.18818779194046395,0.16803895178529016,1.0,2,2,2,1,#574249,#627f8c,#574249,#627f8c
59,E07000008,CAMBRIDGE,84.5,79.9,514.4,634.8,407.0,3.3,0.41741888265430593,0.2817760429373018,0.12108644384809303,0.17971863056029927,1.0,2,1,2,1,#574249,#627f8c,#985356,#ad9ea5
60,E07000009,EAST CAMBRIDGESHIRE,85.3,81.5,387.4,441.3,345.5,3.6,0.28096198726316207,0.29274949566868397,0.2398243740358372,0.18646414303231676,1.0,2,2,2,1,#574249,#627f8c,#574249,#627f8c
61,E07000010,FENLAND,82.8,79.1,517.9,590.4,461.1,5.8,0.1299699656750572,0.26444508009153317,0.27352688787185353,0.33205806636155605,1.0,1,1,1,2,#ad9ea5,#985356,#ad9ea5,#985356
62,E07000011,HUNTINGDONSHIRE,84.4,80.9,478.7,542.5,418.8,6.1,0.26495528384616873,0.32705568754708236,0.21504317088717623,0.19294585771957273,1.0,2,2,2,1,#574249,#627f8c,#574249,#627f8c
63,E07000012,SOUTH CAMBRIDGESHIRE,85.9,82.8,394.6,435.1,363.1,2.3,0.3904382470119522,0.2852361980648833,0.18358565737051794,0.14073989755264657,1.0,2,2,2,1,#574249,#627f8c,#574249,#627f8c
64,E07000026,ALLERDALE,81.9,78.2,568.9,639.3,507.7,4.3,0.1777815934065934,0.2402129120879121,0.27307692307692305,0.30892857142857144,1.0,1,1,1,2,#ad9ea5,#985356,#ad9ea5,#985356
65,E07000027,BARROW IN FURNESS,81.4,77.1,577.4,686.6,480.6,5.2,0.1553758155331129,0.25440164447224956,0.27214228259898116,0.31808025739565643,1.0,1,1,1,2,#ad9ea5,#985356,#ad9ea5,#985356
66,E07000028,CARLISLE,82.0,78.5,571.4,652.4,502.7,4.1,0.15656261644738728,0.27368360707426836,0.2506951013271419,0.31905867515120245,1.0,1,1,1,2,#ad9ea5,#985356,#ad9ea5,#985356
67,E07000029,COPELAND,81.4,77.6,586.7,705.4,483.5,3.7,0.1760556887331735,0.2547482943020468,0.2511063986723216,0.3180896182924581,1.0,1,1,1,2,#ad9ea5,#985356,#ad9ea5,#985356
68,E07000030,EDEN,84.1,80.3,461.9,543.3,393.2,0.0,0.1986997940267765,0.25437693099897013,0.3169412976313079,0.22998197734294543,1.0,2,2,1,1,#627f8c,#627f8c,#627f8c,#627f8c
69,E07000031,SOUTH LAKELAND,83.4,80.9,457.8,513.7,409.2,6.1,0.2496684350132626,0.2739389920424403,0.26468832891246685,0.21170424403183025,1.0,1,2,1,1,#ad9ea5,#ad9ea5,#627f8c,#627f8c
70,E07000032,AMBER VALLEY,83.3,79.2,505.6,602.2,426.2,3.1,0.20720553044403084,0.2702206859877692,0.2470087742621643,0.2755650093060356,1.0,1,1,1,2,#ad9ea5,#985356,#ad9ea5,#985356
71,E07000033,BOLSOVER,82.0,77.9,620.8,729.1,530.9,0.0,0.13386061147255177,0.2571756601607348,0.2587489900922737,0.3502147382744398,1.0,1,1,1,2,#ad9ea5,#985356,#ad9ea5,#985356
72,E07000034,CHESTERFIELD,82.3,77.7,565.9,683.1,473.3,2.5,0.16571107695945148,0.2866769121645585,0.23684832722544036,0.31076368365054974,1.0,1,1,1,2,#ad9ea5,#985356,#ad9ea5,#985356
73,E07000035,DERBYSHIRE DALES,84.3,81.1,454.3,522.3,394.0,0.0,0.2984313725490196,0.25892156862745097,0.25049019607843137,0.19215686274509805,1.0,2,2,2,1,#574249,#627f8c,#574249,#627f8c
74,E07000036,EREWASH,83.6,79.8,495.8,609.5,409.0,0.0,0.1797648514851485,0.29185418541854186,0.25815706570657065,0.27022389738973895,1.0,1,1,1,1,#ad9ea5,#ad9ea5,#ad9ea5,#ad9ea5
75,E07000037,HIGH PEAK,83.4,80.0,517.6,588.2,454.5,5.3,0.2437030800533221,0.28593980214691644,0.23619588858485932,0.23416122921490212,1.0,1,1,1,1,#ad9ea5,#ad9ea5,#ad9ea5,#ad9ea5
76,E07000038,NORTH EAST DERBYSHIRE,83.0,79.7,518.8,580.3,459.3,0.0,0.19573597134572746,0.2902609585536415,0.2503155381204162,0.2636875319802149,1.0,1,1,1,1,#ad9ea5,#ad9ea5,#ad9ea5,#ad9ea5
77,E07000039,SOUTH DERBYSHIRE,83.3,79.4,540.5,618.5,474.5,3.6,0.23598289437958186,0.2910331251696986,0.23666168884061906,0.23632229161010046,1.0,1,1,1,1,#ad9ea5,#ad9ea5,#ad9ea5,#ad9ea5
78,E07000040,EAST DEVON,84.5,81.4,471.7,558.0,404.0,4.3,0.2300077251008555,0.3059998283310921,0.25249635203570714,0.21149609453234527,1.0,2,2,1,1,#627f8c,#627f8c,#627f8c,#627f8c
79,E07000041,EXETER,83.4,79.9,502.3,614.1,421.2,2.8,0.2243530624423588,0.34799001790267453,0.1923723756306624,0.23528454402430424,1.0,1,1,1,1,#ad9ea5,#ad9ea5,#ad9ea5,#ad9ea5
80,E07000042,MID DEVON,84.9,80.3,432.7,490.5,383.6,6.7,0.21075794621026894,0.27219382084907756,0.2847299399866637,0.23231829295398979,1.0,2,2,1,1,#627f8c,#627f8c,#627f8c,#627f8c
81,E07000043,NORTH DEVON,83.4,79.7,524.1,610.4,451.4,8.0,0.1771368563177437,0.2785883058920602,0.2783257697933466,0.2659490679968496,1.0,1,1,1,1,#ad9ea5,#ad9ea5,#ad9ea5,#ad9ea5
82,E07000044,SOUTH HAMS,84.7,81.3,451.3,538.6,379.5,0.0,0.27347950268817206,0.3014532930107527,0.24046538978494625,0.18460181451612903,1.0,2,2,2,1,#574249,#627f8c,#574249,#627f8c
83,E07000045,TEIGNBRIDGE,84.0,80.1,501.0,614.9,417.1,2.5,0.22784738842742502,0.3069407292693228,0.2436435309024356,0.22156835140081654,1.0,2,1,1,1,#627f8c,#627f8c,#ad9ea5,#ad9ea5
84,E07000046,TORRIDGE,83.2,80.1,509.8,573.2,457.0,7.5,0.15183531205751008,0.25040845223831826,0.3281777584141161,0.2695784772900556,1.0,1,1,1,1,#ad9ea5,#ad9ea5,#ad9ea5,#ad9ea5
85,E07000047,WEST DEVON,84.5,79.9,493.2,635.0,377.8,0.0,0.24290030211480362,0.27720711648204094,0.26210137630077207,0.21779120510238334,1.0,2,1,1,1,#627f8c,#627f8c,#ad9ea5,#ad9ea5
86,E07000048,CHRISTCHURCH,85.3,82.0,379.6,438.1,330.7,0.0,0.23834282413138566,0.3161673681604357,0.2356193777337625,0.2098704299744161,1.0,2,2,1,1,#627f8c,#627f8c,#627f8c,#627f8c
87,E07000049,EAST DORSET,86.5,82.9,396.2,473.6,330.8,6.2,0.2875056179775281,0.31986516853932584,0.22826966292134832,0.16435955056179774,1.0,2,2,2,1,#574249,#627f8c,#574249,#627f8c
88,E07000050,NORTH DORSET,85.5,81.5,435.7,526.8,358.7,5.7,0.22963623021281057,0.2912779117307894,0.27015410420379493,0.2089317538526051,1.0,2,2,1,1,#627f8c,#627f8c,#627f8c,#627f8c
89,E07000051,PURBECK,86.6,80.8,397.6,494.2,304.2,7.5,0.21431469609672968,0.3056074007952609,0.26860342449078956,0.21147447861721982,1.0,2,2,1,1,#627f8c,#627f8c,#627f8c,#627f8c
90,E07000052,WEST DORSET,85.0,81.0,453.9,540.7,381.5,0.0,0.247567488477577,0.2944619211354159,0.24939644450947399,0.2085741458775331,1.0,2,2,1,1,#627f8c,#627f8c,#627f8c,#627f8c
91,E07000053,WEYMOUTH AND PORTLAND,83.1,78.6,549.8,659.6,446.6,0.0,0.17642558400489647,0.3015913495868612,0.2552789962256452,0.2667040701825972,1.0,1,1,1,1,#ad9ea5,#ad9ea5,#ad9ea5,#ad9ea5
92,E07000061,EASTBOURNE,83.5,78.7,520.8,610.1,443.9,0.0,0.1870801204619916,0.3320978257272396,0.21941291326074727,0.2614091405500215,1.0,1,1,1,1,#ad9ea5,#ad9ea5,#ad9ea5,#ad9ea5
93,E07000062,HASTINGS,81.2,77.5,593.7,684.4,517.3,3.3,0.15052617986958486,0.3130931628897928,0.2287106979146491,0.3076699593259733,1.0,1,1,1,2,#ad9ea5,#985356,#ad9ea5,#985356
94,E07000063,LEWES,84.8,80.9,440.0,524.1,376.3,5.1,0.25184678029620555,0.3279161111311304,0.22301899030665562,0.19721811826600844,1.0,2,2,2,1,#574249,#627f8c,#574249,#627f8c
95,E07000064,ROTHER,83.9,80.1,477.6,579.1,393.4,0.0,0.22369456292186013,0.3231189697295954,0.2404240341214957,0.21276243322704874,1.0,2,1,1,1,#627f8c,#627f8c,#ad9ea5,#ad9ea5
96,E07000065,WEALDEN,84.2,81.0,442.0,513.1,379.8,0.0,0.2771669775203691,0.32455580641994697,0.2332629822322568,0.1650142338274271,1.0,2,2,2,1,#574249,#627f8c,#574249,#627f8c
97,E07000066,BASILDON,82.9,79.5,528.8,592.6,474.7,2.4,0.1844558055406877,0.32627673907827465,0.22867794983481293,0.2605895055462247,1.0,1,1,1,1,#ad9ea5,#ad9ea5,#ad9ea5,#ad9ea5
98,E07000067,BRAINTREE,83.0,79.6,528.9,616.5,458.6,4.5,0.20957011824510996,0.3237042767156592,0.2506796331086308,0.21604597193060007,1.0,1,1,1,1,#ad9ea5,#ad9ea5,#ad9ea5,#ad9ea5
99,E07000068,BRENTWOOD,84.4,81.4,471.5,541.4,416.3,0.0,0.32180541997861756,0.36192069911216473,0.17222144749686236,0.14405243341235532,1.0,2,2,2,1,#574249,#627f8c,#574249,#627f8c
100,E07000069,CASTLE POINT,82.8,79.9,532.7,580.7,486.7,9.4,0.1651219816300237,0.33784963218486347,0.2748846681351565,0.22214371804995636,1.0,1,1,1,1,#ad9ea5,#ad9ea5,#ad9ea5,#ad9ea5
101,E07000070,CHELMSFORD,84.3,80.7,462.8,545.4,393.1,1.5,0.28966886643695616,0.3486538573848041,0.19095174132258755,0.17072553485565223,1.0,2,2,2,1,#574249,#627f8c,#574249,#627f8c
102,E07000071,COLCHESTER,83.4,79.7,499.1,595.7,417.8,5.1,0.23365651227273573,0.3477864413718667,0.20484954500623406,0.21370750134916353,1.0,1,1,1,1,#ad9ea5,#ad9ea5,#ad9ea5,#ad9ea5
103,E07000072,EPPING FOREST,83.8,80.2,484.8,581.9,401.7,2.5,0.2547332185886403,0.3629518072289157,0.20223752151462995,0.1800774526678141,1.0,2,1,2,1,#574249,#627f8c,#985356,#ad9ea5
104,E07000073,HARLOW,82.4,78.2,539.7,662.2,455.0,0.0,0.14914528280240164,0.31787066427014415,0.24417759761367547,0.28880645531377874,1.0,1,1,1,2,#ad9ea5,#985356,#ad9ea5,#985356
105,E07000074,MALDON,83.4,80.6,484.2,563.9,414.9,0.0,0.2406027673519691,0.31426810822923085,0.255111758444905,0.190017365973895,1.0,1,2,1,1,#ad9ea5,#ad9ea5,#627f8c,#627f8c
106,E07000075,ROCHFORD,84.6,81.2,426.7,494.0,370.0,5.2,0.23037595310502887,0.3752919917140465,0.2365022698223809,0.15782978535854378,1.0,2,2,1,1,#627f8c,#627f8c,#627f8c,#627f8c
107,E07000076,TENDRING,81.9,78.0,562.1,640.1,500.9,8.1,0.14139426018033355,0.28653881958666916,0.26520733037210414,0.3068595898608932,1.0,1,1,1,2,#ad9ea5,#985356,#ad9ea5,#985356
108,E07000077,UTTLESFORD,85.1,81.8,400.9,447.8,366.1,5.6,0.3255855059655325,0.3258064516129032,0.20587715422006186,0.14273088820150243,1.0,2,2,2,1,#574249,#627f8c,#574249,#627f8c
109,E07000078,CHELTENHAM,84.3,80.6,477.4,555.0,415.6,5.9,0.29184729775886076,0.34363258979007383,0.16131998633772102,0.20320012611334437,1.0,2,2,2,1,#574249,#627f8c,#574249,#627f8c
110,E07000079,COTSWOLD,85.8,81.2,422.1,538.1,328.4,0.0,0.3039427715854267,0.29770420895025784,0.22250873398768925,0.17584428547662617,1.0,2,2,2,1,#574249,#627f8c,#574249,#627f8c
111,E07000080,FOREST OF DEAN,83.8,79.7,492.8,606.7,400.9,6.2,0.2028324221944815,0.2720933235762559,0.277258835177134,0.24781541905212862,1.0,2,1,1,1,#627f8c,#627f8c,#ad9ea5,#ad9ea5
112,E07000081,GLOUCESTER,83.4,78.0,521.3,657.4,407.1,3.7,0.17537478240536258,0.31975369586115515,0.2359635220452597,0.2689079996882226,1.0,1,1,1,1,#ad9ea5,#ad9ea5,#ad9ea5,#ad9ea5
113,E07000082,STROUD,83.5,80.5,508.5,585.0,448.6,2.6,0.290105351370765,0.2792110618939303,0.23524482221956183,0.19543876451574285,1.0,1,2,2,1,#985356,#ad9ea5,#574249,#627f8c
114,E07000083,TEWKESBURY,84.1,80.2,483.7,559.1,424.6,0.0,0.2678652240095446,0.33011066770889047,0.21351873945776936,0.18850536882379562,1.0,2,1,2,1,#574249,#627f8c,#985356,#ad9ea5
115,E07000084,BASINGSTOKE AND DEANE,83.0,80.8,468.6,506.5,431.1,2.5,0.3083297560611434,0.31587002370331657,0.1957296702066108,0.18007055002892924,1.0,1,2,2,1,#985356,#ad9ea5,#574249,#627f8c
116,E07000085,EAST HAMPSHIRE,84.2,81.2,473.6,545.8,409.4,3.3,0.3282224297376269,0.3061421212760189,0.2055004970328644,0.16013495195348978,1.0,2,2,2,1,#574249,#627f8c,#574249,#627f8c
117,E07000086,EASTLEIGH,84.9,81.6,429.2,508.5,370.7,2.5,0.2695445011264469,0.32677318279514206,0.22352849781184453,0.18015381826656654,1.0,2,2,2,1,#574249,#627f8c,#574249,#627f8c
118,E07000087,FAREHAM,83.9,80.9,460.7,541.6,394.7,4.5,0.29323823465287946,0.35197931915158687,0.20073504220263494,0.15404740399289873,1.0,2,2,2,1,#574249,#627f8c,#574249,#627f8c
119,E07000088,GOSPORT,82.3,79.1,558.0,634.8,487.5,5.8,0.16572656459844212,0.34377038486627526,0.23920801197191205,0.25129503856337054,1.0,1,1,1,1,#ad9ea5,#ad9ea5,#ad9ea5,#ad9ea5
120,E07000089,HART,85.6,82.9,412.4,468.8,363.0,0.0,0.40453272999194695,0.3230816428270123,0.16520305249837022,0.10718257468267055,1.0,2,2,2,1,#574249,#627f8c,#574249,#627f8c
121,E07000090,HAVANT,83.4,79.6,495.3,590.0,414.0,0.0,0.19986192613047982,0.28572661373835,0.24548383385111033,0.26892762628005984,1.0,1,1,1,1,#ad9ea5,#ad9ea5,#ad9ea5,#ad9ea5
122,E07000091,NEW FOREST,85.2,81.9,425.5,494.8,368.8,2.3,0.24593132111186553,0.3132316935168611,0.2359936629426167,0.20484332242865666,1.0,2,2,1,1,#627f8c,#627f8c,#627f8c,#627f8c
123,E07000092,RUSHMOOR,82.9,79.1,527.5,622.5,449.1,2.9,0.22526924267969584,0.33957265251350516,0.23376802119533427,0.20139008361146474,1.0,1,1,1,1,#ad9ea5,#ad9ea5,#ad9ea5,#ad9ea5
124,E07000093,TEST VALLEY,84.6,80.8,467.2,533.8,406.5,2.3,0.3001759530791789,0.31219941348973607,0.2043108504398827,0.18331378299120235,1.0,2,2,2,1,#574249,#627f8c,#574249,#627f8c
125,E07000094,WINCHESTER,85.9,82.0,400.8,480.4,340.6,3.3,0.40522499013866553,0.30391115696210214,0.15580908456473586,0.13505476833449648,1.0,2,2,2,1,#574249,#627f8c,#574249,#627f8c
126,E07000095,BROXBOURNE,84.4,80.7,482.7,559.3,426.4,6.5,0.18199010765202212,0.3321574047134129,0.24825429153331394,0.2375981961012511,1.0,2,2,1,1,#627f8c,#627f8c,#627f8c,#627f8c
127,E07000096,DACORUM,84.5,80.3,484.8,582.5,401.2,1.5,0.2916387661265122,0.32985134592205706,0.19383063256104638,0.18467925539038435,1.0,2,2,2,1,#574249,#627f8c,#574249,#627f8c
128,E07000098,HERTSMERE,83.5,80.7,510.2,552.9,470.8,4.6,0.2882740628861733,0.3511945626802142,0.18251407387065768,0.17801730056295484,1.0,1,2,2,1,#985356,#ad9ea5,#574249,#627f8c
129,E07000099,NORTH HERTFORDSHIRE,82.8,79.9,502.8,585.6,437.9,2.4,0.32997680169271165,0.3101180309480715,0.1818390394371224,0.17806612792209447,1.0,1,1,2,1,#985356,#ad9ea5,#985356,#ad9ea5
130,E07000102,THREE RIVERS,84.5,80.3,470.6,577.4,391.7,2.8,0.3309968847352025,0.3299065420560748,0.1895638629283489,0.14953271028037382,1.0,2,2,2,1,#574249,#627f8c,#574249,#627f8c
131,E07000103,WATFORD,82.3,79.2,572.7,654.2,503.3,1.9,0.27058983419407445,0.3300149497145964,0.1991709703723838,0.20022424571894537,1.0,1,1,2,1,#985356,#ad9ea5,#985356,#ad9ea5
132,E07000105,ASHFORD,84.4,81.3,453.0,510.2,399.7,0.0,0.2232781143234475,0.31012603715081394,0.2349631075765841,0.23163274094915448,1.0,2,2,1,1,#627f8c,#627f8c,#627f8c,#627f8c
133,E07000106,CANTERBURY,83.4,80.2,502.5,572.0,443.6,6.3,0.2468426280686817,0.3486590038314176,0.20032164987465115,0.20417671822524952,1.0,1,1,1,1,#ad9ea5,#ad9ea5,#ad9ea5,#ad9ea5
134,E07000107,DARTFORD,81.7,79.1,578.1,677.1,494.4,0.0,0.1906305150008022,0.3468955559120809,0.24209850794160115,0.2203754211455158,1.0,1,1,1,1,#ad9ea5,#ad9ea5,#ad9ea5,#ad9ea5
135,E07000108,DOVER,82.3,79.2,538.9,615.8,466.8,3.2,0.17517397927182582,0.3174039007198112,0.23386398255727128,0.27355813745109164,1.0,1,1,1,1,#ad9ea5,#ad9ea5,#ad9ea5,#ad9ea5
136,E07000109,GRAVESHAM,83.4,79.6,494.3,568.7,430.7,3.4,0.1712716433906025,0.29639304732241534,0.25064469674135104,0.28169061254563116,1.0,1,1,1,2,#ad9ea5,#985356,#ad9ea5,#985356
137,E07000110,MAIDSTONE,83.4,79.9,487.5,557.6,430.8,0.0,0.24247304900571232,0.3335480822918009,0.21704677232315422,0.20693209637933255,1.0,1,1,1,1,#ad9ea5,#ad9ea5,#ad9ea5,#ad9ea5
138,E07000111,SEVENOAKS,84.4,81.5,448.9,514.2,391.0,3.6,0.3244815299814234,0.3167768066510339,0.19706428723695832,0.1616773761305844,1.0,2,2,2,1,#574249,#627f8c,#574249,#627f8c
139,E07000112,SHEPWAY,83.6,79.3,521.1,601.3,447.1,3.3,0.18211048505634492,0.3173995590396864,0.23701616854483096,0.2634737873591377,1.0,1,1,1,1,#ad9ea5,#ad9ea5,#ad9ea5,#ad9ea5
140,E07000113,SWALE,82.7,79.3,511.4,589.7,442.2,1.7,0.170799439679536,0.3009756457201838,0.254183971885675,0.2740409427146052,1.0,1,1,1,1,#ad9ea5,#ad9ea5,#ad9ea5,#ad9ea5
141,E07000114,THANET,82.5,77.6,560.3,661.5,479.1,4.8,0.15882062669627436,0.2938317295830249,0.23594867999013078,0.31139896373056997,1.0,1,1,1,2,#ad9ea5,#985356,#ad9ea5,#985356
142,E07000115,TONBRIDGE AND MALLING,84.4,80.6,447.6,557.0,357.3,2.8,0.2780430617905241,0.32628027335373,0.21296428673548165,0.1827123781202642,1.0,2,2,2,1,#574249,#627f8c,#574249,#627f8c
143,E07000116,TUNBRIDGE WELLS,85.1,81.4,437.6,519.9,364.2,3.0,0.32573402417962005,0.3136442141623489,0.18557858376511227,0.17504317789291882,1.0,2,2,2,1,#574249,#627f8c,#574249,#627f8c
144,E07000117,BURNLEY,80.5,75.7,716.7,841.8,602.7,5.7,0.12749003984063745,0.2622011952191235,0.23705179282868527,0.3732569721115538,1.0,1,1,1,2,#ad9ea5,#985356,#ad9ea5,#985356
145,E07000118,CHORLEY,81.9,79.0,544.4,597.5,499.1,4.9,0.2421093844115167,0.3075231899771112,0.22412962293699554,0.22623780267437657,1.0,1,1,1,1,#ad9ea5,#ad9ea5,#ad9ea5,#ad9ea5
146,E07000119,FYLDE,82.8,79.1,530.7,601.7,469.1,5.9,0.27569130987335116,0.33831456242604846,0.1762566282483895,0.20973749945221087,1.0,1,1,2,1,#985356,#ad9ea5,#985356,#ad9ea5
147,E07000120,HYNDBURN,81.0,76.5,634.1,755.4,521.7,5.4,0.13210481300054427,0.2712464038566208,0.253946038410699,0.3427027447321359,1.0,1,1,1,2,#ad9ea5,#985356,#ad9ea5,#985356
148,E07000121,LANCASTER,82.2,77.4,585.3,718.7,474.5,5.1,0.21024730685990808,0.30048877756972986,0.229968630693286,0.2592952848770761,1.0,1,1,1,1,#ad9ea5,#ad9ea5,#ad9ea5,#ad9ea5
149,E07000122,PENDLE,81.7,77.9,558.8,657.8,473.1,6.9,0.14913261441915823,0.24892703862660945,0.2510549284091319,0.35088541854510047,1.0,1,1,1,2,#ad9ea5,#985356,#ad9ea5,#985356
150,E07000123,PRESTON,81.0,77.4,631.9,714.7,552.8,5.9,0.1865481096577674,0.31239921161082246,0.19694051245296543,0.30411216627844473,1.0,1,1,1,2,#ad9ea5,#985356,#ad9ea5,#985356
151,E07000124,RIBBLE VALLEY,84.0,80.5,458.7,525.7,405.3,0.0,0.2934211321210657,0.2933003081012505,0.2359088986890594,0.17736966108862443,1.0,2,2,2,1,#574249,#627f8c,#574249,#627f8c
152,E07000125,ROSSENDALE,81.6,77.6,562.6,653.7,487.3,3.6,0.2017266317121678,0.294747785210631,0.24064364491050444,0.2628819381666968,1.0,1,1,1,1,#ad9ea5,#ad9ea5,#ad9ea5,#ad9ea5
153,E07000126,SOUTH RIBBLE,82.8,80.1,511.8,574.0,461.6,4.0,0.2260866960246847,0.3315658608190288,0.23315658608190287,0.20919085707438362,1.0,1,1,1,1,#ad9ea5,#ad9ea5,#ad9ea5,#ad9ea5
154,E07000127,WEST LANCASHIRE,82.5,78.7,510.2,598.1,435.4,4.3,0.21314192781635077,0.3037780696816163,0.21608181647588665,0.2669981860261462,1.0,1,1,1,1,#ad9ea5,#ad9ea5,#ad9ea5,#ad9ea5
155,E07000128,WYRE,81.8,78.2,579.6,680.0,498.4,10.5,0.1976779101191072,0.3249257665232042,0.23280952857571816,0.24458679478197043,1.0,1,1,1,1,#ad9ea5,#ad9ea5,#ad9ea5,#ad9ea5
156,E07000129,BLABY,84.6,80.7,446.8,522.9,381.5,3.7,0.23244839883289506,0.3376319296855301,0.24300277367529988,0.186916897806275,1.0,2,2,1,1,#627f8c,#627f8c,#627f8c,#627f8c
157,E07000130,CHARNWOOD,83.6,79.6,500.5,557.8,450.9,4.9,0.24146486497570177,0.3218848038713117,0.22598371916586357,0.21066661198712297,1.0,1,1,1,1,#ad9ea5,#ad9ea5,#ad9ea5,#ad9ea5
158,E07000131,HARBOROUGH,84.8,80.3,476.1,568.5,400.3,3.6,0.31366697584385206,0.3214501754244465,0.20647658991006976,0.15840625882163165,1.0,2,2,2,1,#574249,#627f8c,#574249,#627f8c
159,E07000132,HINCKLEY AND BOSWORTH,84.5,80.2,485.6,573.9,419.0,4.3,0.22324672549079475,0.3142307574878637,0.23835984489970385,0.2241626721216377,1.0,2,1,1,1,#627f8c,#627f8c,#ad9ea5,#ad9ea5
160,E07000133,MELTON,83.7,80.2,485.9,526.6,452.6,5.2,0.2369358285307259,0.2877679207407887,0.24269895745645276,0.23259729327203263,1.0,1,1,1,1,#ad9ea5,#ad9ea5,#ad9ea5,#ad9ea5
161,E07000134,NORTH WEST LEICESTERSHIRE,83.0,79.4,525.0,625.0,454.4,4.9,0.22075093955252714,0.28871483263671804,0.24783112640932878,0.242703101401426,1.0,1,1,1,1,#ad9ea5,#ad9ea5,#ad9ea5,#ad9ea5
162,E07000135,OADBY AND WIGSTON,84.1,80.1,448.9,530.4,387.6,0.0,0.23906765676567657,0.32425742574257427,0.21885313531353134,0.21782178217821782,1.0,2,1,1,1,#627f8c,#627f8c,#ad9ea5,#ad9ea5
163,E07000136,BOSTON,82.5,78.8,548.0,666.6,445.6,7.7,0.11323645970937912,0.23165125495376487,0.2549009247027741,0.4002113606340819,1.0,1,1,1,2,#ad9ea5,#985356,#ad9ea5,#985356
164,E07000137,EAST LINDSEY,81.8,77.8,575.2,691.5,468.0,5.4,0.14282715369072924,0.2694114251226744,0.2679419559684064,0.31981946521818994,1.0,1,1,1,2,#ad9ea5,#985356,#ad9ea5,#985356
165,E07000138,LINCOLN,81.8,77.7,577.6,658.4,508.9,3.6,0.15465558117631775,0.29648273846253775,0.2144133025884187,0.3344483777727258,1.0,1,1,1,2,#ad9ea5,#985356,#ad9ea5,#985356
166,E07000139,NORTH KESTEVEN,83.3,80.7,496.6,545.6,455.6,9.0,0.2179841708782302,0.336702584151807,0.23839038809955182,0.20692285687041098,1.0,1,2,1,1,#ad9ea5,#ad9ea5,#627f8c,#627f8c
167,E07000140,SOUTH HOLLAND,83.4,79.6,515.0,591.0,452.7,5.2,0.14573291749362063,0.2623435538093888,0.27603386123374785,0.31588966746324276,1.0,1,1,1,2,#ad9ea5,#985356,#ad9ea5,#985356
168,E07000141,SOUTH KESTEVEN,84.0,80.1,496.0,594.7,417.4,3.5,0.23211259302925355,0.29410753322034733,0.23316876673298456,0.2406111070174146,1.0,2,1,1,1,#627f8c,#627f8c,#ad9ea5,#ad9ea5
169,E07000142,WEST LINDSEY,83.0,79.4,518.8,595.5,449.2,6.4,0.21158652025747823,0.29163195759182126,0.25694812570995834,0.23983339644074214,1.0,1,1,1,1,#ad9ea5,#ad9ea5,#ad9ea5,#ad9ea5
170,E07000143,BRECKLAND,83.3,80.1,492.9,566.7,427.6,4.1,0.15991709618478825,0.2857181815702637,0.2771005481469361,0.27726417409801196,1.0,1,1,1,2,#ad9ea5,#985356,#ad9ea5,#985356
171,E07000144,BROADLAND,84.1,81.4,458.2,550.7,388.9,0.0,0.21379639508113876,0.3312089393003538,0.2595036217642765,0.195491043854231,1.0,2,2,1,1,#627f8c,#627f8c,#627f8c,#627f8c
172,E07000145,GREAT YARMOUTH,82.2,78.0,568.6,670.7,474.2,5.2,0.1123501240955011,0.2776593141538784,0.2545181249344566,0.35547243681616386,1.0,1,1,1,2,#ad9ea5,#985356,#ad9ea5,#985356
173,E07000146,KINGS LYNN AND WEST NORFOLK,84.0,79.6,485.5,575.2,407.5,2.9,0.15955486592639287,0.2754933811763565,0.2660379188284925,0.29891383406875816,1.0,2,1,1,2,#627f8c,#574249,#ad9ea5,#985356
174,E07000147,NORTH NORFOLK,85.0,80.5,478.5,591.2,383.7,4.8,0.17544376519113206,0.2713780658466524,0.2857405907048685,0.267437578257347,1.0,2,2,1,1,#627f8c,#627f8c,#627f8c,#627f8c
175,E07000148,NORWICH,83.9,78.9,511.5,614.7,423.6,8.5,0.20524363839046456,0.3115527257915836,0.1823482753446095,0.3008553604733423,1.0,2,1,1,2,#627f8c,#574249,#ad9ea5,#985356
176,E07000149,SOUTH NORFOLK,84.3,81.3,430.3,503.3,363.7,3.8,0.2499088946822527,0.3044879881142601,0.24590026070137078,0.19970285650211644,1.0,2,2,1,1,#627f8c,#627f8c,#627f8c,#627f8c
177,E07000150,CORBY,80.2,77.3,635.1,728.1,552.0,5.2,0.11722097531116099,0.23658437053662518,0.23015711079371556,0.41603754335849824,1.0,1,1,1,2,#ad9ea5,#985356,#ad9ea5,#985356
178,E07000151,DAVENTRY,83.5,79.5,544.8,627.0,478.7,4.8,0.2779543112332532,0.3064668498797664,0.21423050498110616,0.20134833390587428,1.0,1,1,2,1,#985356,#ad9ea5,#985356,#ad9ea5
179,E07000152,EAST NORTHAMPTONSHIRE,83.1,80.0,491.9,580.7,418.2,4.3,0.2328746351264263,0.3011486409644035,0.2490617536676902,0.21691497024147996,1.0,1,1,1,1,#ad9ea5,#ad9ea5,#ad9ea5,#ad9ea5
180,E07000153,KETTERING,82.7,79.2,522.3,624.9,436.8,3.9,0.20382336201412837,0.2950550738223576,0.243864876627942,0.257256687535572,1.0,1,1,1,1,#ad9ea5,#ad9ea5,#ad9ea5,#ad9ea5
181,E07000154,NORTHAMPTON,81.8,77.4,604.9,710.2,518.8,5.9,0.1912410841654779,0.31734664764621967,0.21004279600570613,0.2813694721825963,1.0,1,1,1,2,#ad9ea5,#985356,#ad9ea5,#985356
182,E07000155,SOUTH NORTHAMPTONSHIRE,84.4,82.2,425.3,452.7,401.3,0.0,0.3130468903276437,0.32285658230331565,0.21306650971159505,0.15103001765744556,1.0,2,2,2,1,#574249,#627f8c,#574249,#627f8c
183,E07000156,WELLINGBOROUGH,83.7,80.0,467.0,528.4,425.5,2.9,0.17391486333765854,0.2896069649658867,0.23506759867732618,0.30141057301912855,1.0,1,1,1,2,#ad9ea5,#985356,#ad9ea5,#985356
184,E07000163,CRAVEN,84.6,80.6,457.0,514.8,398.5,8.7,0.26653625137547377,0.2853649590414476,0.25693850103924687,0.19116028854383177,1.0,2,2,2,1,#574249,#627f8c,#574249,#627f8c
185,E07000164,HAMBLETON,85.5,81.3,440.9,522.3,367.4,0.0,0.26600579891858006,0.30793041297703944,0.23172165190815766,0.19434213619622287,1.0,2,2,2,1,#574249,#627f8c,#574249,#627f8c
186,E07000165,HARROGATE,83.8,80.6,481.7,568.0,415.1,4.4,0.29949120203519186,0.3220479118083528,0.1997880008479966,0.17867288530845876,1.0,2,2,2,1,#574249,#627f8c,#574249,#627f8c
187,E07000166,RICHMONDSHIRE,83.1,80.2,474.3,520.6,436.6,0.0,0.21818181818181817,0.3471264367816092,0.24172762103796586,0.19296412399860677,1.0,1,1,1,1,#ad9ea5,#ad9ea5,#ad9ea5,#ad9ea5
188,E07000167,RYEDALE,83.0,80.7,522.3,606.5,457.1,0.0,0.2145740677386247,0.26260691070817654,0.2874444064317482,0.23537461512145055,1.0,1,2,1,1,#ad9ea5,#ad9ea5,#627f8c,#627f8c
189,E07000168,SCARBOROUGH,82.2,77.9,546.3,650.2,453.1,5.7,0.1532638676064971,0.2783328225559301,0.25501072632546734,0.3133925835121054,1.0,1,1,1,2,#ad9ea5,#985356,#ad9ea5,#985356
190,E07000169,SELBY,83.5,79.4,549.2,641.8,471.2,0.0,0.2302110300462854,0.2977955597395466,0.2491174393975053,0.22287597081666274,1.0,1,1,1,1,#ad9ea5,#ad9ea5,#ad9ea5,#ad9ea5
191,E07000170,ASHFIELD,81.7,77.6,592.0,708.7,501.6,5.8,0.12782796386601647,0.2694859701015269,0.265089135822208,0.3375969302102486,1.0,1,1,1,2,#ad9ea5,#985356,#ad9ea5,#985356
192,E07000171,BASSETLAW,82.1,78.6,548.0,619.7,486.1,4.9,0.16428718612934562,0.2616937976509376,0.2561302287245003,0.3178887874952165,1.0,1,1,1,2,#ad9ea5,#985356,#ad9ea5,#985356
193,E07000172,BROXTOWE,83.6,80.0,485.6,561.2,419.7,2.4,0.25932780132529404,0.3088770819652558,0.20810697868783953,0.22368813802161064,1.0,1,1,2,1,#985356,#ad9ea5,#985356,#ad9ea5
194,E07000173,GEDLING,83.1,80.5,517.9,560.3,488.7,3.2,0.21606640405177266,0.33196398424310636,0.23111986494091166,0.22084974676420935,1.0,1,2,1,1,#ad9ea5,#ad9ea5,#627f8c,#627f8c
195,E07000174,MANSFIELD,82.1,78.3,587.1,688.6,501.4,0.0,0.1312625250501002,0.2683548916013846,0.2564522985364669,0.34393028481204835,1.0,1,1,1,2,#ad9ea5,#985356,#ad9ea5,#985356
196,E07000175,NEWARK AND SHERWOOD,82.7,79.3,534.1,611.6,466.9,3.8,0.21064841665700035,0.27917294977380813,0.2384584154970421,0.2717202180721494,1.0,1,1,1,1,#ad9ea5,#ad9ea5,#ad9ea5,#ad9ea5
197,E07000176,RUSHCLIFFE,84.4,80.9,449.8,541.2,376.8,6.4,0.39189065223374003,0.3178301684860716,0.15120936917102407,0.1390698101091643,1.0,2,2,2,1,#574249,#627f8c,#574249,#627f8c
198,E07000177,CHERWELL,83.7,80.1,489.4,552.3,436.2,1.6,0.2546040193263777,0.30994561538641086,0.21765515953598022,0.21779520575123124,1.0,1,1,2,1,#985356,#ad9ea5,#985356,#ad9ea5
199,E07000178,OXFORD,83.1,78.9,517.5,593.6,459.2,10.5,0.356696691259675,0.2998687367039334,0.1300185579142715,0.21341601412212013,1.0,1,1,2,1,#985356,#ad9ea5,#985356,#ad9ea5
200,E07000179,SOUTH OXFORDSHIRE,84.6,81.1,457.9,534.3,394.5,3.2,0.3609334127580223,0.300354821164953,0.18958327937634353,0.14912848670068116,1.0,2,2,2,1,#574249,#627f8c,#574249,#627f8c
201,E07000180,VALE OF WHITE HORSE,84.5,81.4,450.1,523.9,390.7,0.0,0.3606640405177265,0.2920652785593697,0.19077096229600451,0.15649971862689926,1.0,2,2,2,1,#574249,#627f8c,#574249,#627f8c
202,E07000181,WEST OXFORDSHIRE,83.7,80.7,469.5,532.4,418.6,2.3,0.30222953570161004,0.3080372987448779,0.22292130481076372,0.16681186074274837,1.0,1,2,2,1,#985356,#ad9ea5,#574249,#627f8c
203,E07000187,MENDIP,84.2,80.5,453.6,547.5,379.4,6.0,0.23215720200210097,0.27408391521967496,0.25508249397515914,0.23867638880306494,1.0,2,2,1,1,#627f8c,#627f8c,#627f8c,#627f8c
204,E07000188,SEDGEMOOR,84.1,80.6,470.3,544.3,407.6,2.4,0.18691365401852406,0.26689572751717955,0.2625336121900209,0.2836570062742755,1.0,2,2,1,2,#627f8c,#574249,#627f8c,#574249
205,E07000189,SOUTH SOMERSET,84.4,80.9,450.6,517.9,394.2,2.9,0.2099809865624132,0.27569484500843855,0.2739857719669294,0.2403383964622188,1.0,2,2,1,1,#627f8c,#627f8c,#627f8c,#627f8c
206,E07000190,TAUNTON DEANE,83.8,79.8,478.4,553.0,412.9,4.8,0.22127176845719893,0.3114422369389257,0.22902869757174393,0.23825729703213147,1.0,2,1,1,1,#627f8c,#627f8c,#ad9ea5,#ad9ea5
207,E07000191,WEST SOMERSET,83.8,79.4,487.2,601.1,405.2,0.0,0.1765418502202643,0.27433920704845816,0.28193832599118945,0.2671806167400881,1.0,2,1,1,1,#627f8c,#627f8c,#ad9ea5,#ad9ea5
208,E07000192,CANNOCK CHASE,82.9,78.7,549.8,661.4,452.5,3.4,0.14515703351807865,0.278701504354711,0.28473871733966744,0.2914027447875429,1.0,1,1,1,2,#ad9ea5,#985356,#ad9ea5,#985356
209,E07000193,EAST STAFFORDSHIRE,82.9,78.5,515.5,616.4,435.9,5.3,0.2001730852444829,0.26063753065051204,0.22472234242030867,0.31446704168469636,1.0,1,1,1,2,#ad9ea5,#985356,#ad9ea5,#985356
210,E07000194,LICHFIELD,82.9,79.9,490.4,574.4,418.6,4.1,0.28328124451311587,0.3076517891631843,0.210204726621484,0.1988622397022158,1.0,1,1,2,1,#985356,#ad9ea5,#985356,#ad9ea5
211,E07000195,NEWCASTLE UNDER LYME,82.3,78.9,545.6,642.8,459.1,6.3,0.18938808158912146,0.29054792694307424,0.23338221570457274,0.28668177576323156,1.0,1,1,1,2,#ad9ea5,#985356,#ad9ea5,#985356
212,E07000196,SOUTH STAFFORDSHIRE,83.2,80.1,534.0,610.7,466.3,0.0,0.24695698318463732,0.3240356870418892,0.24108653112666248,0.18792079864681105,1.0,1,1,1,1,#ad9ea5,#ad9ea5,#ad9ea5,#ad9ea5
213,E07000197,STAFFORD,83.6,80.3,484.8,562.6,408.6,8.4,0.26034858387799564,0.3298120281704413,0.19772508486598775,0.21211430308557533,1.0,1,2,2,1,#985356,#ad9ea5,#574249,#627f8c
214,E07000198,STAFFORDSHIRE MOORLANDS,83.5,79.6,510.9,592.0,436.4,3.4,0.2009151559607391,0.284257221698278,0.27412763281986796,0.24069998952111496,1.0,1,1,1,1,#ad9ea5,#ad9ea5,#ad9ea5,#ad9ea5
215,E07000199,TAMWORTH,83.0,79.4,516.6,598.5,451.4,8.1,0.15648033126293995,0.29859213250517597,0.2426086956521739,0.30231884057971015,1.0,1,1,1,2,#ad9ea5,#985356,#ad9ea5,#985356
216,E07000200,BABERGH,84.5,81.9,420.0,453.8,387.4,0.0,0.23871780735606837,0.3037725446955974,0.244309679451839,0.21319996849649522,1.0,2,2,1,1,#627f8c,#627f8c,#627f8c,#627f8c
217,E07000201,FOREST HEATH,84.8,79.8,475.1,585.0,380.5,2.9,0.15357406820821454,0.36632879315806144,0.24596135571745328,0.2341357829162707,1.0,2,1,1,1,#627f8c,#627f8c,#ad9ea5,#ad9ea5
218,E07000202,IPSWICH,83.4,79.3,505.4,589.1,435.8,4.4,0.17190173133511258,0.2818951162207167,0.23041127762950797,0.31579187481466275,1.0,1,1,1,2,#ad9ea5,#985356,#ad9ea5,#985356
219,E07000203,MID SUFFOLK,84.9,81.7,416.2,467.5,372.1,7.4,0.2469751146747571,0.3007548669050457,0.25744934445768775,0.1948206739625095,1.0,2,2,1,1,#627f8c,#627f8c,#627f8c,#627f8c
220,E07000204,ST EDMUNDSBURY,84.2,81.5,469.1,527.3,433.4,2.5,0.21757464884809774,0.3112151561191901,0.2322098539580168,0.23900034107469537,1.0,2,2,1,1,#627f8c,#627f8c,#627f8c,#627f8c
221,E07000205,SUFFOLK COASTAL,83.9,80.6,452.6,514.3,393.1,6.7,0.2594153052450559,0.31410146173688736,0.2249355116079106,0.20154772141014618,1.0,2,2,2,1,#574249,#627f8c,#574249,#627f8c
222,E07000206,WAVENEY,83.6,79.4,520.8,609.8,437.7,5.5,0.14735235769876392,0.2720585991149092,0.27431710666870135,0.3062719365176255,1.0,1,1,1,2,#ad9ea5,#985356,#ad9ea5,#985356
223,E07000207,ELMBRIDGE,84.5,81.6,433.4,520.6,364.6,5.5,0.4402902503666727,0.3177829812417981,0.12886292874971053,0.1130638396418187,1.0,2,2,2,1,#574249,#627f8c,#574249,#627f8c
224,E07000208,EPSOM AND EWELL,85.5,82.0,411.2,480.7,355.4,0.0,0.34269298489481975,0.3519599666388657,0.17051246409044574,0.1348345843758688,1.0,2,2,2,1,#574249,#627f8c,#574249,#627f8c
225,E07000209,GUILDFORD,85.3,82.1,415.1,479.6,362.4,2.4,0.37967394555788214,0.323935586798285,0.16135706451291254,0.13503340313092033,1.0,2,2,2,1,#574249,#627f8c,#574249,#627f8c
226,E07000210,MOLE VALLEY,85.2,81.7,420.2,494.4,355.4,0.0,0.3717344051183201,0.32292991018332445,0.1780748882418078,0.1272607964565476,1.0,2,2,2,1,#574249,#627f8c,#574249,#627f8c
227,E07000211,REIGATE AND BANSTEAD,84.0,80.8,443.8,499.3,393.5,3.2,0.32605680075929033,0.34973595191161083,0.18259472877272395,0.14161251855637488,1.0,2,2,2,1,#574249,#627f8c,#574249,#627f8c
228,E07000212,RUNNYMEDE,84.4,81.0,476.8,537.7,423.1,3.0,0.29154787858460507,0.367348650008385,0.19080160992788864,0.15030186147912125,1.0,2,2,2,1,#574249,#627f8c,#574249,#627f8c
229,E07000213,SPELTHORNE,83.4,80.1,493.4,561.7,431.8,3.3,0.24363318777292575,0.37907423580786026,0.21365938864628822,0.16363318777292576,1.0,1,1,1,1,#ad9ea5,#ad9ea5,#ad9ea5,#ad9ea5
230,E07000214,SURREY HEATH,84.1,81.1,473.0,524.5,420.9,0.0,0.36129294572067494,0.34441959747916245,0.17125431998373652,0.12303313681642611,1.0,2,2,2,1,#574249,#627f8c,#574249,#627f8c
231,E07000215,TANDRIDGE,84.0,80.7,494.4,578.7,419.8,4.1,0.3242134641407307,0.35034675236806495,0.19350473612990526,0.13193504736129905,1.0,2,2,2,1,#574249,#627f8c,#574249,#627f8c
232,E07000216,WAVERLEY,85.1,81.9,404.1,466.5,353.2,2.9,0.40678315095893636,0.29841746087775034,0.170020002353218,0.1247793858100953,1.0,2,2,2,1,#574249,#627f8c,#574249,#627f8c
233,E07000217,WOKING,84.4,80.5,463.5,535.6,401.0,7.8,0.371454344993485,0.3063713207042865,0.16320871337409376,0.1589656209281347,1.0,2,2,2,1,#574249,#627f8c,#574249,#627f8c
234,E07000218,NORTH WARWICKSHIRE,82.3,78.7,536.3,658.9,439.2,0.0,0.18955732122587968,0.29728122804172746,0.25901302632290146,0.25414842440949137,1.0,1,1,1,1,#ad9ea5,#ad9ea5,#ad9ea5,#ad9ea5
235,E07000219,NUNEATON AND BEDWORTH,82.6,78.2,561.0,692.3,461.9,3.1,0.15545386770868147,0.2795701688989434,0.2521658654464125,0.3128100979459626,1.0,1,1,1,2,#ad9ea5,#985356,#ad9ea5,#985356
236,E07000220,RUGBY,83.7,80.2,500.2,601.6,411.9,4.0,0.2517819365337673,0.2846541903986981,0.21207485760781122,0.25148901545972335,1.0,1,1,1,1,#ad9ea5,#ad9ea5,#ad9ea5,#ad9ea5
237,E07000221,STRATFORD ON AVON,84.9,81.0,446.7,530.7,375.5,2.6,0.3232521262793715,0.30390658786218827,0.20063427994810437,0.1722070059103359,1.0,2,2,2,1,#574249,#627f8c,#574249,#627f8c
238,E07000222,WARWICK,84.7,80.4,472.9,577.5,388.6,1.9,0.35712808255383693,0.31520764864057366,0.1540529980924364,0.173611270713153,1.0,2,2,2,1,#574249,#627f8c,#574249,#627f8c
239,E07000223,ADUR,83.3,80.3,505.3,579.0,442.2,0.0,0.19503920805294478,0.33607697013514265,0.2469829264223347,0.22190089538957788,1.0,1,2,1,1,#ad9ea5,#ad9ea5,#627f8c,#627f8c
240,E07000224,ARUN,83.5,79.7,507.3,601.3,430.5,4.3,0.19495557605476527,0.3202165363887945,0.2375103170364616,0.24731757051997863,1.0,1,1,1,1,#ad9ea5,#ad9ea5,#ad9ea5,#ad9ea5
241,E07000225,CHICHESTER,84.6,81.0,443.2,521.4,377.6,4.4,0.2879873717442778,0.31488555643251775,0.2110497237569061,0.18607734806629833,1.0,2,2,2,1,#574249,#627f8c,#574249,#627f8c
242,E07000226,CRAWLEY,83.6,79.4,512.3,588.4,453.8,2.4,0.1769877449529335,0.33858267716535434,0.23000414421881477,0.2544254336628974,1.0,1,1,1,1,#ad9ea5,#ad9ea5,#ad9ea5,#ad9ea5
243,E07000227,HORSHAM,84.4,81.5,457.0,513.2,409.9,5.4,0.3249049528670382,0.33698765689287014,0.1948596427269413,0.14324774751315036,1.0,2,2,2,1,#574249,#627f8c,#574249,#627f8c
244,E07000228,MID SUSSEX,84.2,81.9,435.8,514.3,372.7,3.2,0.3173693413639013,0.35236545560520693,0.18962502428599184,0.14064017874489995,1.0,2,2,2,1,#574249,#627f8c,#574249,#627f8c
245,E07000229,WORTHING,82.9,78.8,540.8,678.7,428.0,3.4,0.22075752513440453,0.3538559669531938,0.20964067673055312,0.21574583118184856,1.0,1,1,1,1,#ad9ea5,#ad9ea5,#ad9ea5,#ad9ea5
246,E07000234,BROMSGROVE,83.5,80.4,532.6,662.2,424.4,0.0,0.30690100212572125,0.32386881263285755,0.20657455208017006,0.16265563316125115,1.0,1,2,2,1,#985356,#ad9ea5,#574249,#627f8c
247,E07000235,MALVERN HILLS,83.4,80.4,491.5,559.2,434.9,0.0,0.30163382988947623,0.28404613166746756,0.22186448822681404,0.1924555502162422,1.0,1,2,2,1,#985356,#ad9ea5,#574249,#627f8c
248,E07000236,REDDITCH,82.9,78.9,522.8,621.7,449.1,5.7,0.1784783741532048,0.2898459018834214,0.24454701109208665,0.2871287128712871,1.0,1,1,1,2,#ad9ea5,#985356,#ad9ea5,#985356
249,E07000237,WORCESTER,83.3,78.8,552.1,642.2,470.9,2.8,0.23416345795553348,0.30642156253881503,0.20534716184324928,0.25406781766240216,1.0,1,1,1,1,#ad9ea5,#ad9ea5,#ad9ea5,#ad9ea5
250,E07000238,WYCHAVON,84.6,80.7,457.7,544.9,385.4,3.4,0.26190975865687305,0.2981262179583271,0.22860140908409535,0.21136261430070455,1.0,2,2,2,1,#574249,#627f8c,#574249,#627f8c
251,E07000239,WYRE FOREST,83.0,79.2,518.0,611.0,432.2,3.6,0.18584908851083978,0.2833902661751277,0.24909527513782256,0.28166537017620996,1.0,1,1,1,2,#ad9ea5,#985356,#ad9ea5,#985356
252,E07000240,ST ALBANS,85.3,81.7,400.7,460.4,346.2,0.0,0.4576218860576124,0.29323897504096513,0.12403524187228383,0.12510389702913866,1.0,2,2,2,1,#574249,#627f8c,#574249,#627f8c
253,E07000241,WELWYN HATFIELD,83.6,80.1,498.3,600.4,413.0,4.4,0.2686368970415663,0.34469767154592057,0.18880859736890865,0.19785683404360446,1.0,1,1,2,1,#985356,#ad9ea5,#985356,#ad9ea5
254,E07000242,EAST HERTFORDSHIRE,84.1,81.0,484.1,536.7,437.9,1.9,0.33487520251708186,0.33604921458592596,0.18537650567047828,0.1436990772265139,1.0,2,2,2,1,#574249,#627f8c,#574249,#627f8c
255,E07000243,STEVENAGE,82.6,79.6,556.1,621.6,503.7,3.2,0.19653308480894688,0.32301957129543335,0.22974836905871387,0.2506989748369059,1.0,1,1,1,1,#ad9ea5,#ad9ea5,#ad9ea5,#ad9ea5
256,E08000001,BOLTON,81.4,77.4,613.9,741.6,503.2,5.8,0.17347440663425792,0.2953617386331141,0.2112782384901344,0.31988561624249356,1.0,1,1,1,2,#ad9ea5,#985356,#ad9ea5,#985356
257,E08000002,BURY,81.0,78.0,616.2,683.9,553.8,6.0,0.21303275318624093,0.3249623132794299,0.19910579690283678,0.2628991366314924,1.0,1,1,1,1,#ad9ea5,#ad9ea5,#ad9ea5,#ad9ea5
258,E08000003,MANCHESTER,79.5,74.8,710.7,836.5,602.9,3.8,0.19270550445320483,0.32843918820265733,0.14725069353190245,0.3316046138122354,1.0,1,1,1,2,#ad9ea5,#985356,#ad9ea5,#985356
259,E08000004,OLDHAM,81.1,77.1,610.1,702.6,533.6,5.5,0.1448430360216011,0.2776689810693727,0.22635155183668626,0.35113643107233994,1.0,1,1,1,2,#ad9ea5,#985356,#ad9ea5,#985356
260,E08000005,ROCHDALE,80.8,76.8,633.8,726.7,560.2,6.3,0.14425185496710624,0.2781098861485776,0.22211541349995495,0.3555228453843612,1.0,1,1,1,2,#ad9ea5,#985356,#ad9ea5,#985356
261,E08000006,SALFORD,80.5,76.1,672.8,785.2,574.0,4.4,0.16793645647592803,0.3267079815953215,0.18990735314288565,0.3154482087858648,1.0,1,1,1,2,#ad9ea5,#985356,#ad9ea5,#985356
262,E08000007,STOCKPORT,83.1,79.8,520.1,594.6,454.5,3.4,0.2579813331507725,0.3276511261723831,0.19605896716186302,0.2183085735149814,1.0,1,1,2,1,#985356,#ad9ea5,#985356,#ad9ea5
263,E08000008,TAMESIDE,80.6,76.3,658.5,747.6,575.5,2.3,0.1374186778593914,0.3026512766701644,0.24507869884575026,0.31485134662469394,1.0,1,1,1,2,#ad9ea5,#985356,#ad9ea5,#985356
264,E08000009,TRAFFORD,83.7,79.6,494.6,606.2,403.9,1.7,0.3007589725998028,0.32838786215571086,0.16707402484170203,0.20377914040278433,1.0,1,1,2,1,#985356,#ad9ea5,#985356,#ad9ea5
265,E08000010,WIGAN,80.8,77.4,632.4,729.7,546.6,3.2,0.15715675388863232,0.2830570594766682,0.24400860756011045,0.31577757907458903,1.0,1,1,1,2,#ad9ea5,#985356,#ad9ea5,#985356
266,E08000011,KNOWSLEY,80.7,76.6,643.5,729.9,579.1,5.1,0.11045347532398953,0.27705780105172834,0.22013685669651697,0.3923518669277652,1.0,1,1,1,2,#ad9ea5,#985356,#ad9ea5,#985356
267,E08000012,LIVERPOOL,80.2,76.1,671.3,791.7,567.4,4.5,0.15997605970112033,0.3236678532908559,0.16432147332589356,0.3520346136821302,1.0,1,1,1,2,#ad9ea5,#985356,#ad9ea5,#985356
268,E08000013,ST HELENS,81.6,78.0,602.9,711.7,513.3,3.8,0.15861271251790107,0.2807990305878897,0.2263981199280285,0.3341901369661807,1.0,1,1,1,2,#ad9ea5,#985356,#ad9ea5,#985356
269,E08000014,SEFTON,82.8,77.5,571.1,683.8,483.8,5.7,0.18902043868394816,0.3310817547357926,0.20383848454636092,0.2760593220338983,1.0,1,1,1,2,#ad9ea5,#985356,#ad9ea5,#985356
270,E08000015,WIRRAL,81.9,77.9,574.6,670.9,496.3,6.0,0.19112559337034354,0.3086933783892509,0.19738112478880038,0.3027999034516051,1.0,1,1,1,2,#ad9ea5,#985356,#ad9ea5,#985356
271,E08000016,BARNSLEY,81.5,77.8,572.0,668.9,484.7,3.4,0.13896483710807317,0.2647214854111406,0.2549955791335102,0.34131809834727606,1.0,1,1,1,2,#ad9ea5,#985356,#ad9ea5,#985356
272,E08000017,DONCASTER,81.7,77.5,618.0,738.6,514.5,4.5,0.13473640883439303,0.2597025595476652,0.25012727331809664,0.3554337582998451,1.0,1,1,1,2,#ad9ea5,#985356,#ad9ea5,#985356
273,E08000018,ROTHERHAM,81.6,78.0,597.3,714.3,507.0,6.1,0.14397748352843345,0.26637241732233097,0.2554851915819101,0.33416490756732553,1.0,1,1,1,2,#ad9ea5,#985356,#ad9ea5,#985356
274,E08000019,SHEFFIELD,82.4,78.7,548.7,641.1,468.0,5.2,0.2077601287930303,0.31852445963303283,0.19636287552525586,0.277352536048681,1.0,1,1,1,2,#ad9ea5,#985356,#ad9ea5,#985356
275,E08000021,NEWCASTLE UPON TYNE,81.4,77.5,607.9,715.5,516.5,5.8,0.2015810276679842,0.33374298335935165,0.1602395899071091,0.3044363990655551,1.0,1,1,1,2,#ad9ea5,#985356,#ad9ea5,#985356
276,E08000022,NORTH TYNESIDE,82.0,78.1,554.4,671.1,462.6,2.6,0.19703896259113182,0.3371429425122505,0.1983984701804709,0.2674196247161468,1.0,1,1,1,1,#ad9ea5,#ad9ea5,#ad9ea5,#ad9ea5
277,E08000023,SOUTH TYNESIDE,81.2,76.8,633.6,769.7,524.9,3.0,0.13679176930879583,0.2856314819798373,0.23019438176661766,0.3473823669447492,1.0,1,1,1,2,#ad9ea5,#985356,#ad9ea5,#985356
278,E08000024,SUNDERLAND,80.7,77.0,640.5,724.3,573.3,2.9,0.12854708284247007,0.29722867175258205,0.2227013301918084,0.3515229152131395,1.0,1,1,1,2,#ad9ea5,#985356,#ad9ea5,#985356
279,E08000025,BIRMINGHAM,82.1,77.6,583.3,698.8,485.1,6.9,0.17965870350102528,0.2938854713112176,0.18362141626096037,0.34283440892679673,1.0,1,1,1,2,#ad9ea5,#985356,#ad9ea5,#985356
280,E08000026,COVENTRY,82.1,78.1,565.9,657.0,485.0,4.2,0.16639885369223684,0.316032956348191,0.19655084181976357,0.3210173481398086,1.0,1,1,1,2,#ad9ea5,#985356,#ad9ea5,#985356
281,E08000027,DUDLEY,83.0,78.9,524.5,627.2,435.0,4.8,0.16951151590603808,0.2899234457076085,0.26053577083947627,0.28002926754687724,1.0,1,1,1,2,#ad9ea5,#985356,#ad9ea5,#985356
282,E08000028,SANDWELL,81.3,76.8,619.5,746.0,516.8,7.4,0.1127806198883624,0.2662323971014171,0.24834374618534508,0.37264323682487543,1.0,1,1,1,2,#ad9ea5,#985356,#ad9ea5,#985356
283,E08000029,SOLIHULL,84.6,80.7,472.0,567.9,393.9,4.0,0.2859381512044678,0.3148953905142952,0.18461281987163458,0.2145536384096024,1.0,2,2,2,1,#574249,#627f8c,#574249,#627f8c
284,E08000030,WALSALL,82.3,77.9,561.0,657.9,481.1,6.8,0.13951719960303652,0.2595599891737231,0.257033857892227,0.34388895333101344,1.0,1,1,1,2,#ad9ea5,#985356,#ad9ea5,#985356
285,E08000031,WOLVERHAMPTON,81.7,77.4,592.1,713.3,488.4,7.9,0.1358511613083144,0.26485000597585756,0.23470512462982882,0.3645937080859992,1.0,1,1,1,2,#ad9ea5,#985356,#ad9ea5,#985356
286,E08000032,BRADFORD,81.5,77.5,586.1,699.3,493.6,6.0,0.16775288791757728,0.2904113331251951,0.20572510146737433,0.33611067748985324,1.0,1,1,1,2,#ad9ea5,#985356,#ad9ea5,#985356
287,E08000033,CALDERDALE,82.2,77.5,571.7,686.6,480.0,3.6,0.207494440771681,0.30284271891339626,0.21952941883526655,0.27013342147965624,1.0,1,1,1,1,#ad9ea5,#ad9ea5,#ad9ea5,#ad9ea5
288,E08000034,KIRKLEES,82.0,78.2,560.1,643.2,490.0,4.2,0.19220666167778983,0.29132240871118986,0.21766520563844896,0.2988057239725714,1.0,1,1,1,2,#ad9ea5,#985356,#ad9ea5,#985356
289,E08000035,LEEDS,82.1,78.0,579.3,693.4,486.6,3.3,0.2227519603931372,0.32699683242811894,0.19040852720121818,0.2598426799775257,1.0,1,1,1,1,#ad9ea5,#ad9ea5,#ad9ea5,#ad9ea5
290,E08000036,WAKEFIELD,81.3,77.8,593.4,698.5,509.1,5.2,0.14853128123514056,0.2703082999349824,0.24276800357111666,0.3383924152587604,1.0,1,1,1,2,#ad9ea5,#985356,#ad9ea5,#985356
291,E08000037,GATESHEAD,81.3,77.2,627.1,708.9,556.9,4.3,0.16937294338346096,0.2978903342866808,0.2140572623550758,0.3186794599747824,1.0,1,1,1,2,#ad9ea5,#985356,#ad9ea5,#985356
292,E09000001,HACKNEY AND LONDON,82.8,77.7,568.7,698.4,453.7,6.5,0.2799610684546339,0.33045311993078835,0.12230993835838651,0.2672758732561912,1.0,1,1,2,1,#985356,#ad9ea5,#985356,#ad9ea5
293,E09000002,BARKING AND DAGENHAM,82.0,77.6,600.9,717.3,508.6,4.3,0.12023591041106142,0.30458100956826967,0.23482351264187587,0.340359567378793,1.0,1,1,1,2,#ad9ea5,#985356,#ad9ea5,#985356
294,E09000003,BARNET,84.5,81.4,430.1,499.8,370.8,2.1,0.3318329985217754,0.3280332031990297,0.14371944054883826,0.19641435773035668,1.0,2,2,2,1,#574249,#627f8c,#574249,#627f8c
295,E09000004,BEXLEY,84.4,80.3,474.5,579.3,393.7,2.9,0.1910405518949277,0.3671929126313772,0.22747976827488614,0.21428676719880896,1.0,2,2,1,1,#627f8c,#627f8c,#627f8c,#627f8c
296,E09000005,BRENT,84.5,79.9,491.1,592.3,402.4,4.1,0.21973665267610937,0.3023178551257489,0.1854948559784715,0.2924506362196702,1.0,2,1,1,2,#627f8c,#574249,#ad9ea5,#985356
297,E09000006,BROMLEY,84.5,81.0,456.6,530.8,393.9,1.2,0.3080248581464469,0.3671876623781514,0.16280423170452893,0.16198324777087272,1.0,2,2,2,1,#574249,#627f8c,#574249,#627f8c
298,E09000007,CAMDEN,85.4,80.5,438.6,543.5,349.4,2.4,0.3925396766029597,0.3462742017927716,0.08369176297515303,0.1774943586291157,1.0,2,2,2,1,#574249,#627f8c,#574249,#627f8c
299,E09000008,CROYDON,83.2,79.2,516.7,621.4,433.9,3.7,0.24079215091216333,0.35926992447494566,0.178406386867607,0.221531537745284,1.0,1,1,1,1,#ad9ea5,#ad9ea5,#ad9ea5,#ad9ea5
300,E09000009,EALING,84.2,79.2,496.3,602.2,404.5,2.7,0.28068542918518663,0.3045823970222834,0.1764752467406476,0.23825692705188237,1.0,2,1,2,1,#574249,#627f8c,#985356,#ad9ea5
301,E09000010,ENFIELD,84.0,80.5,469.0,527.7,419.0,5.5,0.21613808439667495,0.3211415259172976,0.17224545984010164,0.29047492984592577,1.0,2,2,1,2,#627f8c,#574249,#627f8c,#574249
302,E09000011,GREENWICH,82.2,78.5,565.6,675.1,480.1,4.3,0.2470357867928835,0.316735341109763,0.17912617277128406,0.25710269932606944,1.0,1,1,1,1,#ad9ea5,#ad9ea5,#ad9ea5,#ad9ea5
303,E09000013,HAMMERSMITH AND FULHAM,83.3,79.1,509.6,609.2,425.3,4.9,0.3791757113095672,0.3389956440028554,0.10129514430151076,0.18053350038606664,1.0,1,1,2,1,#985356,#ad9ea5,#985356,#ad9ea5
304,E09000014,HARINGEY,83.8,79.4,494.3,599.9,400.2,4.0,0.2791830031342887,0.3146663890912876,0.13766582237488867,0.2684847853995351,1.0,2,1,2,1,#574249,#627f8c,#985356,#ad9ea5
305,E09000015,HARROW,85.6,82.0,416.1,475.9,363.2,5.6,0.3229435053101238,0.3071073964682964,0.164268208383083,0.20568088983849683,1.0,2,2,2,1,#574249,#627f8c,#574249,#627f8c
306,E09000016,HAVERING,83.8,79.3,504.0,610.4,426.7,4.8,0.18874502712477395,0.35887160940325497,0.23690415913200724,0.21547920433996384,1.0,2,1,1,1,#627f8c,#627f8c,#ad9ea5,#ad9ea5
307,E09000017,HILLINGDON,83.5,79.9,520.6,612.9,441.2,3.3,0.22390259035210175,0.3431699498474743,0.21484152835944367,0.2180859314409803,1.0,1,1,1,1,#ad9ea5,#ad9ea5,#ad9ea5,#ad9ea5
308,E09000018,HOUNSLOW,83.3,79.5,508.2,609.3,433.1,4.3,0.2541888976449158,0.3176198535016213,0.1882387897735347,0.23995245907992818,1.0,1,1,2,1,#985356,#ad9ea5,#985356,#ad9ea5
309,E09000019,ISLINGTON,83.2,77.8,552.0,690.4,436.2,1.0,0.3539258817388711,0.33153133000273405,0.09971913603261004,0.2148236522257848,1.0,1,1,2,1,#985356,#ad9ea5,#985356,#ad9ea5
310,E09000020,KENSINGTON AND CHELSEA,85.8,82.1,419.2,475.6,370.6,2.5,0.44257347592589724,0.33904941729992416,0.07020259080989893,0.14817451596427964,1.0,2,2,2,1,#574249,#627f8c,#574249,#627f8c
311,E09000021,KINGSTON UPON THAMES,84.8,81.4,433.1,502.1,381.8,4.7,0.36856131418797977,0.3468239131299471,0.1377630165864524,0.1468517560956207,1.0,2,2,2,1,#574249,#627f8c,#574249,#627f8c
312,E09000022,LAMBETH,83.0,78.2,547.8,663.8,447.2,3.7,0.3211502260692106,0.32900547140268466,0.12841962667792614,0.22142467585017858,1.0,1,1,2,1,#985356,#ad9ea5,#985356,#ad9ea5
313,E09000023,LEWISHAM,82.6,78.2,527.4,648.9,432.0,5.5,0.2600204498977505,0.35109406952965233,0.15484662576687117,0.23403885480572598,1.0,1,1,2,1,#985356,#ad9ea5,#985356,#ad9ea5
314,E09000024,MERTON,84.2,80.2,488.0,574.1,416.4,3.7,0.34960657237018467,0.3186527271867165,0.1547534572748632,0.17698724316823564,1.0,2,1,2,1,#574249,#627f8c,#985356,#ad9ea5
315,E09000025,NEWHAM,82.6,77.7,578.1,724.3,450.0,4.5,0.16541156663784867,0.2988465213632434,0.184738590344451,0.3510033216544569,1.0,1,1,1,2,#ad9ea5,#985356,#ad9ea5,#985356
316,E09000026,REDBRIDGE,84.0,80.3,465.6,544.5,397.5,2.7,0.2807329133818024,0.33289038242847835,0.15888734140015076,0.2274893627895685,1.0,2,2,2,1,#574249,#627f8c,#574249,#627f8c
317,E09000027,RICHMOND UPON THAMES,85.9,81.7,422.4,514.7,352.0,1.7,0.48119795003203075,0.32142857142857145,0.0961883408071749,0.10118513773222293,1.0,2,2,2,1,#574249,#627f8c,#574249,#627f8c
318,E09000028,SOUTHWARK,83.1,78.0,525.9,654.0,417.4,4.4,0.301437926016696,0.32852109979321437,0.1353680018380945,0.2346729723519951,1.0,1,1,2,1,#985356,#ad9ea5,#985356,#ad9ea5
319,E09000029,SUTTON,84.0,80.5,475.4,538.5,425.2,1.8,0.25007497251007965,0.35891839658791774,0.21060611109259939,0.18040051980940322,1.0,2,2,1,1,#627f8c,#627f8c,#627f8c,#627f8c
320,E09000030,TOWER HAMLETS,82.0,77.1,620.7,748.8,508.9,5.4,0.33077264161401176,0.3037800687285223,0.09780512138343864,0.26764216827402726,1.0,1,1,2,1,#985356,#ad9ea5,#985356,#ad9ea5
321,E09000031,WALTHAM FOREST,83.4,79.2,523.5,644.3,428.9,4.3,0.207749702175685,0.3314565176500094,0.19026898238134052,0.27052479779296507,1.0,1,1,1,1,#ad9ea5,#ad9ea5,#ad9ea5,#ad9ea5
322,E09000032,WANDSWORTH,83.2,79.1,529.4,650.6,433.4,3.9,0.4328809525939577,0.3196933234328452,0.09899891750686622,0.14842680646633089,1.0,1,1,2,1,#985356,#ad9ea5,#985356,#ad9ea5
323,E09000033,WESTMINSTER,85.1,81.1,455.9,552.5,369.5,4.1,0.4161940264373599,0.32490966473036637,0.07264556556739697,0.18625074326487673,1.0,2,2,2,1,#574249,#627f8c,#574249,#627f8c
324,W06000001,ISLE OF ANGLESEY,83.0,78.5,521.6,636.6,430.5,0.0,0.17346383904295812,0.277769538780958,0.25804538039448316,0.2907212417816007,1.0,1,1,1,2,#ad9ea5,#985356,#ad9ea5,#985356
325,W06000002,GWYNEDD,83.1,78.8,538.8,605.0,488.0,2.3,0.17741296348712143,0.29071610529295216,0.25994905179733935,0.27192187942258705,1.0,1,1,1,1,#ad9ea5,#ad9ea5,#ad9ea5,#ad9ea5
326,W06000003,CONWY,82.6,79.0,520.1,607.5,448.4,3.4,0.18294649104128008,0.2922763362029629,0.24320871231709915,0.28156846043865785,1.0,1,1,1,2,#ad9ea5,#985356,#ad9ea5,#985356
327,W06000004,DENBIGHSHIRE,81.2,78.3,607.0,681.1,547.7,4.8,0.17784182110024807,0.2776521231577411,0.25240770465489565,0.2920983510871151,1.0,1,1,1,2,#ad9ea5,#985356,#ad9ea5,#985356
328,W06000005,FLINTSHIRE,82.4,79.0,557.2,636.9,480.5,4.7,0.18307121013543032,0.27557885539536914,0.2542158147662735,0.287134119702927,1.0,1,1,1,2,#ad9ea5,#985356,#ad9ea5,#985356
329,W06000006,WREXHAM,82.0,78.2,558.1,664.8,471.6,7.4,0.16455272100703586,0.26817594409610873,0.23866845354903557,0.32860288134781984,1.0,1,1,1,2,#ad9ea5,#985356,#ad9ea5,#985356
330,W06000008,CEREDIGION,83.9,79.9,464.1,547.7,389.0,4.4,0.19576970501754717,0.31988048942426256,0.2611211230200133,0.223228682538177,1.0,2,1,1,1,#627f8c,#627f8c,#ad9ea5,#ad9ea5
331,W06000009,PEMBROKESHIRE,82.5,79.4,528.6,588.5,472.0,3.8,0.1596766043456291,0.26514513502891474,0.2847116950199315,0.2904665656055247,1.0,1,1,1,2,#ad9ea5,#985356,#ad9ea5,#985356
332,W06000010,CARMARTHENSHIRE,82.6,78.5,558.3,639.2,481.3,4.5,0.16545810420356044,0.2770994500885451,0.26091900456706124,0.29652344114083323,1.0,1,1,1,2,#ad9ea5,#985356,#ad9ea5,#985356
333,W06000011,SWANSEA,82.2,77.6,590.8,713.0,486.0,4.4,0.18295081967213114,0.3344396119103379,0.19336232853797256,0.28924723987955836,1.0,1,1,1,2,#ad9ea5,#985356,#ad9ea5,#985356
334,W06000012,NEATH PORT TALBOT,81.2,76.6,629.9,769.6,520.3,5.9,0.13324281935438564,0.26781993960532785,0.2482267843348393,0.3507104567054472,1.0,1,1,1,2,#ad9ea5,#985356,#ad9ea5,#985356
335,W06000013,BRIDGEND,80.6,77.0,629.9,731.6,544.5,0.0,0.16479088177786255,0.28229767752396395,0.23701654823787496,0.31589489246029856,1.0,1,1,1,2,#ad9ea5,#985356,#ad9ea5,#985356
336,W06000014,VALE OF GLAMORGAN,83.4,79.6,512.1,602.2,445.4,3.6,0.23466590072329424,0.3319581168237721,0.2096769981982923,0.22369898425464135,1.0,1,1,1,1,#ad9ea5,#ad9ea5,#ad9ea5,#ad9ea5
337,W06000015,CARDIFF,82.7,78.2,556.3,690.4,455.6,4.2,0.24992183521971004,0.3488829136256845,0.15131808152363257,0.2498771696309729,1.0,1,1,1,1,#ad9ea5,#ad9ea5,#ad9ea5,#ad9ea5
338,W06000016,RHONDDA CYNON TAFF,81.0,76.4,625.2,730.7,533.6,4.3,0.1388134401411849,0.28165285609893975,0.23736712211667058,0.3421665816432048,1.0,1,1,1,2,#ad9ea5,#985356,#ad9ea5,#985356
339,W06000018,CAERPHILLY,81.5,77.6,600.5,698.7,515.9,3.8,0.1426394727663246,0.2788537440566886,0.2388889908762139,0.3396177923007729,1.0,1,1,1,2,#ad9ea5,#985356,#ad9ea5,#985356
340,W06000019,BLAENAU GWENT,79.9,75.7,708.0,828.4,596.9,7.7,0.09273470888286384,0.2267818574514039,0.24939111254078397,0.4310923211249483,1.0,1,1,1,2,#ad9ea5,#985356,#ad9ea5,#985356
341,W06000020,TORFAEN,82.1,77.6,629.6,765.3,519.2,4.4,0.14654357781493058,0.2760412880715272,0.2436577742240314,0.3337573598895108,1.0,1,1,1,2,#ad9ea5,#985356,#ad9ea5,#985356
342,W06000021,MONMOUTHSHIRE,83.9,80.1,495.1,594.8,414.1,6.1,0.28550971437417755,0.28206517532316744,0.21510952860128493,0.21731558170137008,1.0,2,1,2,1,#574249,#627f8c,#985356,#ad9ea5
343,W06000022,NEWPORT,82.1,77.9,601.2,708.9,510.0,2.6,0.17672728883769356,0.2998028487251623,0.20510378131714774,0.3183660811199965,1.0,1,1,1,2,#ad9ea5,#985356,#ad9ea5,#985356
344,W06000023,POWYS,83.5,80.0,485.0,559.0,422.0,2.5,0.18369953345322804,0.25892042640811114,0.3113091980087054,0.24607084212995542,1.0,1,1,1,1,#ad9ea5,#ad9ea5,#ad9ea5,#ad9ea5
345,W06000024,MERTHYR TYDFIL,81.1,77.4,631.2,673.0,578.8,0.0,0.1131681435909014,0.26618502003725236,0.23073883840379297,0.38990799796805325,1.0,1,1,1,2,#ad9ea5,#985356,#ad9ea5,#985356
